# rodzaj/indeks	plik	job_id (Higgsfield) — „(redo)” zastępuje wcześniejszą wersję tego samego pliku
base	zolty	ec680509-1269-4a99-9d65-dfe88a5c41e7
base	roz	c6e614dc-6d88-4ea2-8ddc-c50987eed21d
base	pudrowy	540e2274-9270-46da-b0bc-e12ffcbe1eaf
base	kremowy	2d42401a-7a13-4aa6-8578-0e056df2554d
base	jasfiolet	2b7798c4-47b4-4c5b-860e-27a8c401c239
base	blekit	0b1423b0-9552-4d57-ad0f-cb69e55c23a6
base	granat	a0c07123-7764-463c-8634-159ed549d3e5
base	morelowy	5b60e46f-c1a3-4289-b858-b0e6b3c77abd
base	czarny	d8df8bd9-5fdb-409e-92eb-7adc62bf1621
1021	roz-org-czarna	98fed3d7-2288-4b33-bf17-06ae78eccad6
1022	roz-org-rozowa	abaa6e96-5696-4646-95d6-f8f7e1fd84cf
1023	roz-org-blekit	608b5e83-8dc9-4e56-8ab4-bf76d2b22178
1024	roz-brak	4f4ed909-c754-406e-8ee0-e7f1e78e29ea
1025	roz-org-biala-korona	a45cf8a0-4e0d-4f41-9ea7-71483d51b488
1031	pudrowy-org-czarna	c979ba38-c599-4a35-b2d1-63f5591bc95d
1032	pudrowy-org-rozowa	83e013e7-16d7-4f5b-b4bc-7e828e860cc0
1033	pudrowy-org-blekit	5aada61f-54d8-454f-94c3-7d575b9601b8
1034	pudrowy-brak	c46cccf2-3d6b-41a2-bfe1-5ea2f8b02f27
1035	pudrowy-org-biala-korona	76d1475d-b6b7-48bc-bbcc-6f06eee81a5a
1051	zolty-org-czarna	ccfed335-e464-49ab-a807-20a3128f7459
1052	zolty-org-rozowa	7130c0ad-12a3-4fa1-b709-ab7b0c2270d7
1053	zolty-org-blekit	1f05c8d3-fcce-4e86-8040-cd715b2d8671
1054	zolty-brak	40f5b331-8f78-4be1-ad4f-8b01e9f49f91
1055	zolty-org-biala-korona	a4674687-71be-49c7-b391-f1492b73ecab
1061	kremowy-org-czarna	6ac0d4f4-38f7-43af-807b-ccc07a410b5e
1062	kremowy-org-rozowa	cc2c7cba-2f39-420d-ab2c-11f37bd601f6
1063	kremowy-org-blekit	64b37f6c-fb72-451d-bba8-dd2b0db2cf0b
1064	kremowy-brak	12adc78f-db37-441f-b4db-23b82ece3572
1065	kremowy-org-biala-korona	2769e638-f7e2-4f2b-b089-01dc70826073
1111	jasfiolet-org-czarna	4938c4a5-7a89-486c-bd90-dfc34ceda7ee
1112	jasfiolet-org-rozowa	8208f9f2-5b3e-45d6-94ec-784b11dde0fa
1113	jasfiolet-org-blekit	848ddba6-ee2d-436d-9338-453138b840f8
1114	jasfiolet-brak	7f8d733a-41a4-4615-a231-2a974235865f
1115	jasfiolet-org-biala-korona	dac7537c-ae2f-43ef-a378-d6967aa31ab8
1091	blekit-org-czarna	e8e5ea54-21a0-494b-9b8b-213f7d5ed84e
1092	blekit-org-rozowa	c9fa9a28-e989-4630-a2e4-d785e71ceb53
1093	blekit-org-blekit	53813704-0c63-4169-a373-36456a2538ab
1094	blekit-brak	46ea8070-ce44-455f-b027-a24c0bd0447d
1095	blekit-org-biala-korona	95a9ee4e-4932-4110-a7e8-043dad3baf80
1101	granat-org-czarna	3c9b6b2f-e456-42d1-9944-c9a543d099d2
1102	granat-org-rozowa	d9f75d20-6442-426b-9597-96f4badc85bc
1103	granat-org-blekit	2f476670-7f20-4e51-a6f3-afdd9bb7bc87
1104	granat-brak	f1a96a6a-6cc8-4a3c-9fbc-b23851797b4d
1105	granat-org-biala-korona	c72d4716-7aef-467d-9273-e04295e805a2
1041	morelowy-org-czarna	2766872a-c121-4f10-906d-a7c3f3d5a8d0
1042	morelowy-org-rozowa	f7cfb21a-04b4-400c-a7f6-7f22dd525bb6
1043	morelowy-org-blekit	5f87e5b2-7c54-4734-8290-b6d09d4b87bf
1044	morelowy-brak	ec9aa5bb-520f-45db-a4b2-62a493a5b66d
1045	morelowy-org-biala-korona	70ab9f39-5b5a-4d42-ae67-9a899cfdf950
1131	czarny-org-czarna	38e6ed8e-8892-46fd-ae0f-4dbe29242c2b
1132	czarny-org-rozowa	ac869ed3-b617-4629-bcf8-c2c616f81a9e
1133	czarny-org-blekit	4d07eb90-f2e2-419b-a247-ff546d45f4ed
1134	czarny-brak	6eb43c85-3d5b-4604-8331-9956414f386b
1135	czarny-org-biala-korona	62b9741c-e0d1-43bd-8d75-e0dd3d110f92
1026	roz-brak-korona	8696fed5-82b2-4889-b22a-2881e0f407bb
1036	pudrowy-brak-korona	a43a6306-f06f-4286-bbd9-a4565fccdaf8
1066	kremowy-org-czarna(redo)	fb0951db-0f84-45ad-bab6-47ed8574d40f
1056	zolty-brak-korona	9a2e8b0c-33e3-42b4-9c0a-8f06771fa5f8
1067	kremowy-brak-korona	41e7799e-6a23-4c5a-8cc0-e0cbea98ac1f
1116	jasfiolet-brak-korona	7ad7946a-0543-4e84-a638-3dda894dbdca
base	fiolet	8da2f6c9-f191-4eb9-a6ab-64bc908123c2
base	bialy	1a1495c4-a9f9-47da-925e-5defaa324bc5
base	zielony	0fccead2-f1da-43ff-a694-109ea46625f8
1046	morelowy-org-czarna(redo)	b9eae2c8-8f54-47cc-ba51-5f552a5ef5f0
1096	blekit-brak-korona	435b36d3-f40c-4567-bf2b-e80c25d066f2
1106	granat-brak-korona	582a695e-ed62-40c7-86e6-d6d5932f99d6
1121	fiolet-org-czarna	10abd072-990f-4c09-9af8-f696193c0eec
1122	fiolet-org-rozowa	a1bd29f5-9eb2-42cc-a689-664867af936c
1123	fiolet-org-blekit	17bf83b9-6165-493e-a0ea-6ed3cda89226
1124	fiolet-brak	d3398a32-e4d3-43a8-9043-60ecaa898eee
1125	fiolet-org-biala-korona	c093708d-1ed1-49c7-b4ba-c8025ef0aa29
1071	bialy-org-czarna	32b0f3ab-4772-4097-8f2b-edf5387f9c7e
1072	bialy-org-rozowa	3414349c-c748-4f7f-8534-bacee8500e92
1073	bialy-org-blekit	533e0dc3-a2c4-4e87-8266-4d30df228af7
1074	bialy-brak	876073a1-fd5e-40db-8c40-af9123fe01a8
1075	bialy-org-biala-korona	7fd017da-7932-4970-8bde-e6e3cda786b7
1081	zielony-org-czarna	570039b5-6092-4342-817b-65a8e79960a8
1082	zielony-org-rozowa	aa594941-4288-47f8-aeb2-49b7c2cf2827
1083	zielony-org-blekit	d7807281-6296-4b1f-98de-ac0721c9beaa
1084	zielony-brak	8f37e0e4-917e-47b7-9fa2-963b5be86147
1085	zielony-org-biala-korona	d40771d1-75ec-4919-a13f-edab651cd880
1136	czarny-brak-korona	0c318680-6e3e-483c-87ac-e9fb2c0ef120
1047	morelowy-brak-korona	1c561f14-b015-4f8a-a49c-7dc07fd7aa87
1126	fiolet-brak-korona	acc41976-79f8-4599-8c0b-61d4848d1e56
1076	bialy-brak-korona	cf49622d-72fd-4109-a963-175e7c6d8bba
1086	zielony-brak-korona	43d673cb-2a77-4e8d-8f0d-b9835feefb0c
size	7	a917337f-6bb2-47b3-92c7-0dda330d51ab
size	19	8ec022df-e49b-4808-a6e5-fae12463f9f2
size	37	8448da6e-cdd8-4c03-b86b-a74bf6c96659
size	101	70f0b7f9-bf4e-427b-add9-f99ad77e984a
r1	czerwony-org-biala (wzorzec, GPT 2.5)	1ca58baa-bc91-4fcb-a06f-ddb3f677f637
r1	czerwony-org-czarna	7b2969de-a161-45f7-9ada-c9ff6ff25968
r1	czerwony-org-rozowa	4c0142b7-1b3f-4a32-9081-f7eef2a71130
r1	czerwony-org-blekit	3140f5b6-d448-44e0-bbf3-887f3a15b356
r1	czerwony-brak	a73b12a5-9cc0-4615-b00b-01104ddf8f02
r1	czerwony-org-biala-korona	a403c809-b232-4a4c-9864-36753548e420
r1	czerwony-brak-korona	eb8bce39-0884-452f-a736-07cd608ab275
